{
    "coherence_score": 0.45353744223054593,
    "perplexity": 1312.4683953428707,
    "topic_diversity": 1.0,
    "execution_time": 1.7618560791015625,
    "n_components": 6,
    "max_df": 0.95,
    "min_df": 2,
    "stop_words": "english",
    "max_iter": 15,
    "random_state": 42,
    "timestamp": "2025-02-06 23:32:45"
}