{
    "execution_time": 183.344881772995,
    "n_documents": 2943,
    "n_entities": 79134,
    "avg_entities_per_doc": 26.88888888888889,
    "unique_entity_types": 18,
    "entity_type_distribution": {
        "ORG": 20347,
        "PERSON": 15563,
        "CARDINAL": 11506,
        "GPE": 8967,
        "DATE": 6299,
        "PERCENT": 4588,
        "MONEY": 3925,
        "NORP": 2802,
        "ORDINAL": 1276,
        "LOC": 1130,
        "PRODUCT": 957,
        "WORK_OF_ART": 632,
        "FAC": 311,
        "QUANTITY": 245,
        "LAW": 202,
        "EVENT": 196,
        "TIME": 157,
        "LANGUAGE": 31
    }
}