{
    "coherence_score": 0.6252961621482277,
    "perplexity": 6188.918570708497,
    "topic_diversity": 0.7666666666666667,
    "execution_time": 176.1976261138916,
    "timestamp": "2025-01-26 15:05:24"
}