{
    "coherence_score": 0.40991711983872636,
    "perplexity": 1589.1928212880644,
    "topic_diversity": 1.0,
    "execution_time": 1.8493640422821045,
    "n_components": 3,
    "max_df": 0.95,
    "min_df": 2,
    "stop_words": "english",
    "max_iter": 15,
    "random_state": 42,
    "timestamp": "2025-01-27 18:03:39"
}